{
  "cross_validation": {
    "cv_scores": [
      0.842133411585388,
      0.839160321863203,
      0.8305891102132988,
      0.8163984157889225,
      0.832206929988226
    ],
    "mean_pr_auc": 0.8320976378878076,
    "std_pr_auc": 0.008937017776232178
  },
  "test": {
    "test_pr_auc": 0.8285494281640794,
    "test_precision": 0.4734790477516358,
    "test_recall": 0.9895257491998836,
    "test_specificity": 0.9779838517199024,
    "test_f1": 0.6404896421845574,
    "test_tp": 3401,
    "test_fp": 3782,
    "test_tn": 168001,
    "test_fn": 36
  }
}