{
  "pr_auc": 0.9992109076337489,
  "precision": 0.9887640449438202,
  "recall": 0.9985452429444283,
  "f1": 0.9936305732484076,
  "tp": 3432,
  "fp": 39,
  "tn": 171744,
  "fn": 5,
  "threshold": 0.7289949748743719,
  "business_cost": 64
}